file,algorithm,norm,rho,lam_requested,sigma_a,sigma_e,n,p,k,true_k,n_reps,median_mse,median_pe,median_topk,median_nnz,median_time_sec
ar_cocolasso_0820-0249.json,cocolasso,frobenius,,1.0,0.75,3.0,100,250,10,3,20,4.0379224149232265,5.096464823374036,1.0,10.5,0.02951568877324462
ar_cocolasso_0820-0234.json,cocolasso,frobenius,,cv,1.0,3.0,100,250,10,3,20,7.3505376729098195,8.412015743980103,0.0,22.0,186.60090140349348
ar_cocolasso_0820-0249_2.json,cocolasso,frobenius,,1.0,1.0,3.0,100,250,10,3,20,5.760902303598784,7.324086616710464,0.5,17.0,0.03443931136280298
ar_cocolasso_0820-0249_3.json,cocolasso,frobenius,,1.0,1.25,3.0,100,250,10,3,20,7.727956823225565,9.72216095370985,0.0,23.0,0.04227044153958559
ar_cocolasso_0820-0250_3.json,cocolasso,max,,1.0,0.75,3.0,100,250,10,3,20,2.891596679810996,3.4513330848775334,1.0,10.0,3.5312451805075398
ar_cocolasso_0820-0250.json,cocolasso,max,,1.0,1.0,3.0,100,250,10,3,20,4.480499580794087,4.976411869644288,0.5,16.5,2.787139202468097
ar_cocolasso_0820-0250_2.json,cocolasso,max,,1.0,1.25,3.0,100,250,10,3,20,6.856148242127771,8.455957292887206,0.0,21.5,3.1542002339847386
ar_cocolasso_refit_0820-0249.json,cocolasso_refit,frobenius,,1.0,0.75,3.0,100,250,10,3,20,5.14357106688459,5.35218530501675,0.0,10.0,0.0306826401501894
ar_cocolasso_refit_0820-0249_2.json,cocolasso_refit,frobenius,,1.0,1.0,3.0,100,250,10,3,20,7.929248446563484,8.051953809013819,0.0,10.0,0.03476705960929394
ar_cocolasso_refit_0820-0249_3.json,cocolasso_refit,frobenius,,1.0,1.25,3.0,100,250,10,3,20,10.421539321829902,10.45337295131175,0.0,10.0,0.038120833691209555
ar_cocolasso_refit_0820-0250_2.json,cocolasso_refit,max,,1.0,0.75,3.0,100,250,10,3,20,7.465945547959869,7.882934305783273,0.0,10.0,2.9195369598455727
ar_cocolasso_refit_0820-0250_3.json,cocolasso_refit,max,,1.0,1.0,3.0,100,250,10,3,20,14.705406316946046,13.505502473081062,0.0,10.0,2.9580594250001013
ar_cocolasso_refit_0820-0250.json,cocolasso_refit,max,,1.0,1.25,3.0,100,250,10,3,20,15.688012785371672,15.01589316143486,0.0,10.0,2.780188680626452
ar_naive_0820-0249.json,naive,frobenius,,1.0,0.75,3.0,100,250,10,3,20,6.29699134171398,6.974534296581787,0.0,10.0,0.0005063512362539768
ar_naive_0820-0249_2.json,naive,frobenius,,1.0,1.0,3.0,100,250,10,3,20,44717380526.64544,37400116871.83458,0.0,10.0,0.0031485524959862232
ar_naive_0820-0249_3.json,naive,frobenius,,1.0,1.25,3.0,100,250,10,3,20,246759540499.23285,206316427759.5169,0.0,10.0,0.014887936413288116
ar_reweighted_0820-0311.json,reweighted,frobenius,0.0,1.0,0.75,3.0,100,250,10,3,20,3.127180568500696,3.393566660159629,1.0,8.0,0.4928827844996704
ar_reweighted_0820-0313.json,reweighted,frobenius,0.0,1.0,1.0,3.0,100,250,10,3,20,279496261.8000222,274479380.6151158,0.0,78.0,2.5512407142668962
ar_reweighted_0820-0312.json,reweighted,frobenius,0.0,1.0,1.25,3.0,100,250,10,3,20,234431794708.31116,237700148103.19153,0.0,113.5,2.7934196842834353
ar_reweighted_0820-0325.json,reweighted,max,0.0,1.0,0.75,3.0,100,250,10,3,20,3.124994494675819,3.430013905921516,1.0,8.0,42.815891778998775
ar_reweighted_0820-0321.json,reweighted,max,0.0,1.0,1.0,3.0,100,250,10,3,20,4551450064.16881,4533992724.866264,0.0,69.0,30.94640554950456
ar_reweighted_0820-0324.json,reweighted,max,0.0,1.0,1.25,3.0,100,250,10,3,20,618099004181.6304,618563482883.9795,0.0,58.5,19.698440586216748
ar_reweighted_0820-0249_2.json,reweighted,frobenius,0.5,1.0,0.75,3.0,100,250,10,3,20,3.499202509762015,4.346229816772013,1.0,10.0,0.3440535147674382
ar_reweighted_0820-0249.json,reweighted,frobenius,0.5,1.0,1.0,3.0,100,250,10,3,20,5.0772883527773764,6.332066985541814,1.0,16.5,0.376452402677387
ar_reweighted_0820-0250.json,reweighted,frobenius,0.5,1.0,1.25,3.0,100,250,10,3,20,6.873015274494758,8.807422020844594,0.0,21.5,0.4219634383916855
ar_reweighted_0820-0330.json,reweighted,max,0.5,1.0,0.75,3.0,100,250,10,3,20,2.8688346488296705,3.244211965126689,1.0,8.5,44.41920271329582
ar_reweighted_0820-0338.json,reweighted,max,0.5,1.0,1.0,3.0,100,250,10,3,20,4.952971822073065,4.934316119953371,0.0,16.5,53.17933103069663
ar_reweighted_0820-0318.json,reweighted,max,0.5,1.0,1.25,3.0,100,250,10,3,20,10.876881593996,9.570519893988386,0.0,21.5,35.01387421414256
ar_reweighted_refit_0820-0249_2.json,reweighted_refit,frobenius,0.5,1.0,0.75,3.0,100,250,10,3,20,5.454182533958592,5.126429267940114,1.0,10.0,0.27100248308852315
ar_reweighted_refit_0820-0249.json,reweighted_refit,frobenius,0.5,1.0,1.0,3.0,100,250,10,3,20,8.833876004292737,8.604443004370522,0.0,10.0,0.33105806494131684
ar_reweighted_refit_0820-0250.json,reweighted_refit,frobenius,0.5,1.0,1.25,3.0,100,250,10,3,20,12.576634244898909,12.165496555696851,0.0,10.0,0.3948366241529584
ar_reweighted_refit_0820-0332.json,reweighted_refit,max,0.5,1.0,0.75,3.0,100,250,10,3,20,7.1917415126496245,6.747707028585102,0.0,9.0,37.109139980282634
ar_reweighted_refit_0820-0346.json,reweighted_refit,max,0.5,1.0,1.0,3.0,100,250,10,3,20,19.133987221136415,17.20732175041166,0.0,10.0,38.204921591095626
ar_reweighted_refit_0820-0345.json,reweighted_refit,max,0.5,1.0,1.25,3.0,100,250,10,3,20,38.32953248987677,35.79059748022451,0.0,10.0,24.642643640050665
